IoC,Type
139.99.16.105,IP
144.76.154.59,IP
0162a97ed477353bc35776a7addffd5c,FileHash1
18e5a6296e02efb842fb3d11ca0c7c63,FileHash1
2087eb2d3fb639933ebe0a0614fd5218,FileHash1
3c3e960d59cb413791fee1e944b6df72,FileHash1
3d4c8b6aad28ec574e56ccda22b34ef3,FileHash1
404de37b800b661ebfaa218b20c8c0c6,FileHash1
64179e64675e822559cac6652298bdfc,FileHash1
6fb9f15b6a1dd1ee9cdb9b4ef290d69e,FileHash1
73c0da5c825e3a2275dbef4f8dae0813,FileHash1
79622b56347c1fd44b74bd4ea74cb813,FileHash1
7c3033588c1a187918cf3fd246069a3f,FileHash1
8a1b183bca062f48402c74f2daba7b92,FileHash1
9005812bebfcc98db95def5b1c9b96f0,FileHash1
ad388ce4c2cc3aaff605994da782d57e,FileHash1
b39b8d45413692ff856e9ba907256c2f,FileHash1
d0ae82cdf9911bec3eddda128602af04,FileHash1
10db8fe20bbce0f10517c510ec73532cf6feb227,FileHash2
1a774bc3ec960bf1d639b883ba34de0a101748a8,FileHash2
2a2416b663ee9d9ec6325d2c70bf05be27a73eac,FileHash2
2b637a9d37de604ae8e98fcbc73746ccc0402b31,FileHash2
4aa6c90d81692642ca8266bf0d8e249ff3e3ad54,FileHash2
51c1e13a4b5aad657c570149c529dd4963adf77a,FileHash2
58e167521f2b028d03aeb6c926d34c2c969fa9c6,FileHash2
6f6191867fddf3c284066dd855512198c509d64c,FileHash2
ab06b594a57b8bbe0f4c4ba80a12129953521667,FileHash2
bc22ac7097e597fba3d7367b2fd5c61adff28941,FileHash2
c1a1b75c8e76e000b7045092bd11100904a72840,FileHash2
c5955655e9b96004a72bbb09aa72996f3ddaa539,FileHash2
cceed3b2441146762512918af7bf7f89fb055583,FileHash2
d85f085c59fe8cca75352399ebc8510e2799bf68,FileHash2
d9417bf78b3b37d668c08e67f3c0f21dbc6dc11e,FileHash2
f43c3f588c77a34e8b81b63247ac1d7657016050,FileHash2
0f2b3d012a9abe420bc36c62847bba6ca4478ceebc018bad2b19f22d481fcc10,FileHash3
15600ccdef5a64b40d206d89234a51be1e11bd878dcefc5986590bcf40d9d571,FileHash3
239ee815e006884993f263688f3627064ba406bfa234eebb0068ee82b7170396,FileHash3
27cf1ecb18d6f669dfbd4cf4dd552c4db87ab8727a873a580166411f93aabaa5,FileHash3
33286a66f457328432180f9a7d2b82e456aacef6b2aa0833d74ecd1d51687f55,FileHash3
4d0e4540a57cb447356e1684f2d2f069eccb185ce798843d90a41e115472332b,FileHash3
5d447f1fe007dae3b9ad0687212e71cdec0343f6385fcc2db4ee3e0198e995c0,FileHash3
629b4cef2c394c6a1fad37e5ac6f497b3bdac489270d54f4e98c5dfc925ea883,FileHash3
725f50650cb9490027b633a1ff0ae166cb6fc42037dbe72d9a09dd65be323a1f,FileHash3
7dbc0aa8fff43581f4c81695c3ea1dedbe57a13e4f76c3ecb5c0009917f331f0,FileHash3
8103f2cce6a864ceefe6c5b0c05087ac85ab04a2abf150e93bc9db90c54d9d20,FileHash3
88378c228d7827974fe6ec827837af7571290e129082e7070d4bff7a42f4ba67,FileHash3
8acf6eea851ccd43a33eee9840794b9944eed61e5be0a7c403b79d3baa48940c,FileHash3
979851cac4a2a0e394f06ca7139d7402911048b094f550dd9b33d1203ae92862,FileHash3
bd8486225884900084a82273ead6716ee5e52c6ad0f35cdfc487f422188ea30f,FileHash3
c26db97858c427d92e393396f7cb7f9e7ed8f9ce616adcc123d0ec6b055b99c9,FileHash3
ca53407b356fcdea51a6d536447ed6b88ad14c87facf421080d141cae837eedc,FileHash3
d0c3b82f1e0df8cc683adc42a2272ecf85cb46508a9bfb06c2478b7b125651aa,FileHash3
d3ba1adbfeef8f19e4aa570299c06d39a87dfc5fe3d85946270b722e44dacda7,FileHash3
d4a0db913fa555808ce627114fe6e2725970499c70364edbedf47d907d52242d,FileHash3
db46b6106dc1b30041ce3f287ded91166895ff3f1928250fc79dd46c444b1e45,FileHash3
e958f4ed8272a96e599ff9f0a79331e7b5109104a9d20d3f760c7eb162daf7e0,FileHash3
ee32f4cbba3a601d57064695a8ed5955e1b9af984110d34504b8d5ebb132c084,FileHash3
f5151914cbffe70c53b1d85873b0da88349f46cc4aa36e915142bc3929fc75f9,FileHash3
f9675304d13efaee32e6b4a3317b64231a59b684532a898d12b4e7ed88518afd,FileHash3
185.172.128.212,IP
185.172.128.87,IP
78.47.78.87,IP
keningsberguersfax.com,Domain
