IoC,Type,,
518a38b47292b1e809c5e6f0bb1858be,FileHash1,,
456b0bda3f6d9ec9a874daac050b75fc28174510,FileHash2,,
768b8d81a6b0f779394e4af48755ca3ad77ed951,FileHash2,,
88baff4e1751bd364cdb1a4bb5fda4a37ee127c4,FileHash2,,
ed247b58c0680b7c92632209181733e92f1b0721,FileHash2,,
08029396eb9aef9b413582d103b070c3f422e2b56e1326fe318bef60bdc382ed,FileHash3,,
0b179973dc267d9c300e9b7d3c27c67a18d7c79b2cc34927cbe5a465f83c6190,FileHash3,,
2c66e5f96470526219f40c6adfd6990cc28d520975da1fdb6bb5497d55a54117,FileHash3,,
58ac26d62653a648d69d1bcaed1b43d209e037e6d79f62a65eb5d059e8d0fc3f,FileHash3,,4
mmcbkgua72og66w4jz3qcxkkhefax754pg6iknmtfujvkt2j65ffraad.onion,Domain,,
